ID;Status;Verification;Title
hash-01-1;Confirmed;review;Partial-message bits control a machine branch
hash-01-2;Confirmed;runtime;Missing final-block separation gives a 2^64-query distinguisher
hash-02-1;Confirmed;runtime;Allocation failure returns a successful all-zero digest
hash-02-2;Confirmed;review;Partial-bit AXIS update branches on secret state
hash-02-3;Confirmed;runtime;The invertible AXIS state caps AXIS-1024 second-preimage security at 768 bits
hash-04-1;Confirmed;static;Fixed-length outputs occupy only one determinant fiber
hash-04-2;Lead;static;Projective positive-word collision lead for CHAMP-512
hash-04-3;Confirmed;runtime;Known-length preimages admit an exact square-root search
hash-04-4;Confirmed;runtime;Unsupported digest lengths cause full-size writes
hash-04-5;Confirmed;review;Message bytes index a large precomputed matrix table
hash-05-1;Confirmed;review;Secret state indexes a 256-byte substitution table
hash-05-2;Confirmed;review;Narrow-pipe iteration limits uHash second-preimage security for long messages
hash-05-3;Confirmed;runtime;Unused partial-byte bits cancel padding and give trivial collisions
hash-09-1;Confirmed;runtime;Trivial collisions in all Eijen implementations
hash-09-2;Confirmed;runtime;Cross-instance three-block relations
hash-10-1;Confirmed;runtime;Padding-allocation failure returns a successful all-zero digest
hash-10-2;Confirmed;runtime;Three FEILIAN RTL cores have trivial zero-extension collisions
hash-10-3;Confirmed;review;The specification, examples and RTL define incompatible FEILIAN variants
hash-10-4;Confirmed;runtime;C implementations hash storage bits outside partial-byte messages
hash-10-5;Confirmed;review;C input-length conversion and padding arithmetic are unchecked
hash-11-1;Confirmed;review;Secret state indexes AES T-tables
hash-12-1;Confirmed;runtime;Cross-profile 512-bit output relation
hash-13-1;Confirmed;review;Long messages reduce JuziHash-1024 second-preimage security below 1024 bits
hash-14-1;Confirmed;runtime;Laurus loses its function-domain separation at c=1024
hash-17-1;Confirmed;runtime;Trivial collisions at every rate boundary
hash-17-2;Confirmed;runtime;The specified and implemented inverse rounds do not invert the forward round
hash-18-1;Confirmed;runtime+static;For short messages, the 384-bit digest is a prefix of the 512-bit digest
hash-18-2;Confirmed;static;The AVX-512 listing defines a noninjective S-box and practical collisions
hash-19-1;Confirmed;runtime;Round-key cancellation gives deterministic full-round collisions
hash-20-1;Confirmed;runtime+static;For short messages, the 384-bit digest is a prefix of the 512-bit digest
hash-20-2;Confirmed;static;The specified final marker creates cross-rate relations absent from the implementation
hash-21-1;Confirmed;runtime;A local feedback collision merges complete Neulaser states
hash-21-2;Confirmed;runtime;Reduction modulo 2^32-5 creates reachable state mergers
hash-21-3;Confirmed;review;Secret state indexes a 256-byte S-box
hash-22-1;Confirmed;review;"Secret state indexes AES S-box; tail bits branch"
hash-24-1;Confirmed;runtime;Full-round core permutation has a one-query invariant-subspace distinguisher
hash-24-2;Confirmed;review;Truncated tree chaining values cap QSH second-preimage security
hash-24-3;Confirmed;runtime;QSH admits full-mode free-start and low-cost semi-free-start collisions
hash-25-1;Confirmed;runtime;Allocation failure reports success without writing a digest
hash-26-1;Confirmed;runtime;An invariant subspace reduces CHIME collision bounds to 64 and 224 bits
hash-27-1;Confirmed;review;Secret state indexes an eight-bit substitution table
hash-30-1;Lead;static;A conditional iterative trail gives a 2^384 full-round collision estimate
hash-31-1;Confirmed;runtime;Cross-domain distinguisher between ZC-1536-512 and ZC-1536-768
hash-31-2;Lead;static;A conditional iterative trail gives a 2^384 full-round collision estimate
hash-32-1;Confirmed;static;The specified and implemented ZC-EDMC mappings differ
hash-32-2;Lead;static;A conditional iterative trail gives a 2^384 full-round collision estimate
hash-35-1;Confirmed;review;Secret-indexed S-box and variable-time field multiplication
kem-01-1;Confirmed;runtime;Ineffective implicit rejection breaks IND-CCA security
kem-01-2;Confirmed;review;Rejection reads a secret before the secret-key object
kem-01-3;Confirmed;static;The external DRBG is used as a KDF
kem-02-1;Confirmed;runtime+static;The FO check compares only every fourth ciphertext byte
kem-02-2;Confirmed;review;Secret-derived ECC decoding indexes a syndrome table
kem-02-3;Confirmed;runtime;The decryption-failure bound omits detected two-error rejections
kem-02-4;Confirmed;runtime;A one-bit ciphertext change writes outside the Hamming correction buffer
kem-02-5;Withdrawn;review;Withdrawn — unseeded caller repeats Amoeba keys
kem-02-6;Confirmed;runtime;Pre-FO decoder failures give a full chosen-ciphertext key recovery
kem-03-1;Confirmed;review;Secret-dependent pivoting in the Gabidulin decoder
kem-03-2;Confirmed;runtime;The rejection key does not bind the received ciphertext
kem-03-3;Confirmed;runtime+static;Public support spaces reduce secret-key recovery to linear algebra
kem-04-1;Confirmed;review;Secret-dependent pivoting in the Gabidulin decoder
kem-04-2;Confirmed;runtime;The rejection key does not bind the received ciphertext
kem-05-1;Confirmed;runtime;The default library deterministically generates a public secret key
kem-05-2;Confirmed;runtime;Same-key multi-instance decoding misses BIKE-MLThre-128 and -256 targets
kem-06-1;Confirmed;runtime;Malformed inputs drive the BRA decoder out of bounds
kem-06-2;Confirmed;runtime;Reference field multiplication touches one limb past its output
kem-06-3;Confirmed;review;Secret-derived decoder pivots select memory addresses
kem-06-4;Confirmed;runtime;Ignored padding bits make ciphertexts malleable without changing the key
kem-06-5;Confirmed;static;Secret-key expansion depends on the external DRBG
kem-07-1;Confirmed;review;Secret-derived decoder pivots select memory addresses
kem-07-2;Confirmed;runtime;Ignored padding bits make ciphertexts malleable without changing the key
kem-07-3;Confirmed;static;Secret-key expansion depends on the external DRBG
kem-08-1;Confirmed;review;C128 decapsulation branches on decrypted coefficients
kem-09-1;Confirmed;runtime;Partial rejection mask leaks the candidate shared secret
kem-09-2;Lead;review;A degree-128 quotient defeats the full-dimension MLWE estimates
kem-09-3;Confirmed;static;Cheetah's decryption-failure analysis omits public-key rounding
kem-10-1;Confirmed;runtime;Malformed ciphertexts crash the reference decapsulator
kem-10-2;Confirmed;review;Secret-derived decoder pivots select memory addresses
kem-10-3;Confirmed;runtime;Ignored padding bits make CMultiURAG-512 ciphertexts malleable without changing the key
kem-10-4;Confirmed;static;Secret-key expansion depends on the external DRBG
kem-11-1;Confirmed;static;COMPASS-KEM-384 and -512 use a 256-bit key-generation root
kem-11-2;Proof gap;static;The Biased-MLWR reduction does not instantiate the concrete small-secret sets
kem-12-1;Confirmed;static;The specified CTL-512 public-key space has at most 256 bits of support
kem-12-2;Confirmed;static;CTL-512 returns only 384 shared-secret bits
kem-13-1;Confirmed;runtime;DKEM's rejection key does not bind the full ciphertext
kem-13-2;Confirmed;runtime;Malicious public key defeats DKEM's contributory key derivation
kem-13-3;Confirmed;runtime;A 16-bit NTT butterfly silently breaks honest DKEM-512 sessions
kem-13-4;Confirmed;runtime;DKEM ignores input lengths before fixed-size reads
kem-14-1;Confirmed;runtime;Caller-declared ciphertext length overflows a decapsulation stack buffer
kem-14-2;Confirmed;runtime;Decapsulation return value exposes the implicit-rejection branch
kem-14-3;Confirmed;runtime;Rejection key omits the specified public-key binding
kem-14-4;Proof gap;static;Ring-paired DoubleE8 blocks invalidate DTRU's failure estimates
kem-15-1;Confirmed;runtime;FLIT512 reference and optimized implementations silently derive different keys
kem-16-1;Proof gap;runtime;Headline DFR values lack a reproducible HARE calculation
kem-16-2;Confirmed;runtime+static;Same-key multi-instance decoding misses three HARE targets
kem-17-1;Confirmed;runtime;Publicly reproducible secret keys
kem-17-2;Confirmed;static;HEP-QC-7 has at most 256 bits of key-generation support
kem-17-3;Confirmed;runtime;First encapsulation in each process is publicly reproducible
kem-17-4;Confirmed;runtime;Public column multiplicities break the EPC-P assumption
kem-17-5;Confirmed;review;Secret permutation and mixing matrix drive memory and control flow
kem-18-1;Confirmed;runtime;Partial rejection mask leaks the candidate shared secret
kem-18-2;Lead;static;Reducible rings project LoongKEM into much smaller SLWE instances
kem-18-3;Confirmed;runtime;Public consistency equations recover Loong128 and Loong256 shared secrets
kem-19-1;Lead;review;Lore-512's reducible ring admits smaller quotient attacks
kem-21-1;Confirmed;static;Viper-384 and -512 restrict the secret to a 256-bit seed
kem-22-1;Confirmed;runtime;Reversed decryption offset invalidates the failure estimate
kem-23-1;Confirmed;static;Mito-E discards every erasure before Reed–Solomon decoding
kem-23-2;Confirmed;static;Mito uses the external DRBG as an XOF
kem-24-1;Confirmed;review;Encryption omits the specified rounding constant
kem-25-1;Proof gap;static;Compressed NEV sets omit the implicit rejection required by their security argument
kem-26-1;Confirmed;runtime+static;Fixed-weight parity falsifies the DQCSD and JPCI assumptions
kem-26-2;Confirmed;runtime;NSS-HQC-256 fails honest decapsulation near 10^-4
kem-26-3;Confirmed;runtime;Ephemeral syndrome decoding misses the 256-, 384-, and 512-bit targets
kem-27-1;Confirmed;runtime;NTRE-512's 256-bit secret seed caps offline key-recovery work
kem-28-1;Confirmed;runtime;Noncanonical ciphertext encoding defeats IND-CCA security
kem-29-1;Confirmed;runtime;The submission ships a complete public-key-only break
kem-29-2;Confirmed;static;The specified aligned basis directly exposes the secret isometry
kem-29-3;Confirmed;static;Decoding radii contradict the specified error and lattice geometry
kem-29-4;Confirmed;static;Norm-only validation gives one-query ciphertext aliases
kem-30-1;Confirmed;runtime;Re-encryption rejection sampling leaks the decrypted-message class
kem-31-1;Confirmed;runtime;Invalid ciphertexts trigger an assertion during decapsulation
kem-31-2;Confirmed;runtime;Non-canonical field encodings make ciphertexts malleable without changing the key
kem-31-3;Confirmed;runtime;Malformed public keys hang or abort encapsulation
kem-31-4;Confirmed;static;A shared torsion mask leaks a square-coset constraint on the secret degree
kem-32-1;Confirmed;review;Debug path retains the secret error vector
kem-32-2;Confirmed;runtime;Same-key multi-instance decoding misses QCTM-128 and -256 targets
kem-33-1;Confirmed;runtime;Decapsulation re-expands the private seed with a variable-length sampler
kem-33-2;Confirmed;review;Decryption multiplication traverses secret support positions
kem-33-3;Confirmed;runtime+static;The optimized API generates predictable keys and encapsulations
kem-34-1;Proof gap;runtime;Rudraksh2-128 leaves only a 2^64-query Grover margin
kem-34-2;Confirmed;runtime;Cortex-M4 uses an incompatible Minal decoder constant
kem-34-3;Confirmed;runtime;KEM entry points ignore caller-declared buffer lengths
kem-34-4;Confirmed;runtime;Rudraksh2-II's modulus cannot support its specified NTT
kem-35-1;Confirmed;runtime;Re-encryption rejection sampling leaks the decrypted-message class
kem-36-1;Confirmed;runtime+static;The specified TRIKE decoder rejects every tested honest ciphertext
kem-36-2;Confirmed;runtime;The specified weak-key test rejects every key
kem-36-3;Confirmed;runtime;Decapsulation fails to free the private h0 buffer
kem-36-4;Proof gap;runtime;Boundary weak-key classes are omitted from the DFR bound
kem-36-5;Proof gap;runtime;The weak-key reduction assumes the secret parity checks are public
kem-36-6;Confirmed;runtime;Decapsulation addresses depend on the secret support
kem-36-7;Confirmed;runtime+static;TRIKE shares the generic unsalted-FO multi-ciphertext loss, no TRIKE-specific weakness
kem-36-8;Confirmed;static;TRIKE resets the external DRBG for deterministic re-encryption
kem-37-1;Confirmed;runtime;Decapsulation re-expands its private support with variable work
kem-37-2;Lead;runtime;FO re-encryption leaks the decrypted message through sampler timing
kem-38-1;Confirmed;static;UVW-512 derives its encryption pair from only 256 bits
kem-38-2;Confirmed;runtime+static;UVW exposes a stable list-decoding failure oracle
kem-38-3;Probable;review;Stateful timing reactions recover UVW-KEM-128 shared secrets
kem-38-4;Confirmed;runtime;Unused c1 bits make ciphertexts malleable without changing the key
kem-38-5;Lead;runtime;The implementation's final decryption failures expose UVW's hidden pairs
kem-38-6;Confirmed;runtime;UVW-256 and -512 leak retry matrices
kem-38-7;Confirmed;static;UVW-KEM resets the external DRBG for key expansion and re-encryption
kem-39-1;Confirmed;review;PRF substream reuse violates the IND-CPA proof's independence premise
kem-39-2;Confirmed;runtime;WeaverKEM-256 omits its high-layer BCH decoder
kem-39-3;Confirmed;runtime;BCH decoders mis-correct some errors within their designed radius
kem-39-4;Confirmed;runtime;Matrix and lifting samplers differ from the normative parsers
kem-39-5;Confirmed;runtime;Message encoding uses the wrong half-modulus
kem-40-1;Confirmed;static;Encryption discards the specified error polynomial
kem-40-2;Confirmed;review;Decapsulation addresses a private array with a secret-derived index
kem-40-3;Confirmed;static;YuanYang resets the external DRBG for deterministic encryption
kex-01-1;Confirmed;review;The stated no-matching-session theorem is false for responder sessions
kex-01-2;Confirmed;runtime;ADKEX-512 silently derives different keys in honest sessions
kex-01-3;Confirmed;runtime;Incoming message lengths are ignored before fixed-size reads
kex-02-1;Confirmed;runtime;The ephemeral key is generated once as long-term state
kex-02-2;Confirmed;review;Secret-derived decryption coefficients take a sign branch
kex-02-3;Confirmed;runtime;Leaking one in-session encapsulated key permits initiator impersonation
kex-02-4;Confirmed;runtime;A copied certified public key enables an unknown-key-share
kex-02-5;Confirmed;runtime;An unauthenticated responder observes decapsulation failures
kex-03-1;Confirmed;review;Bits-versus-bytes error reduces the ephemeral secret to 64 bits
kex-03-2;Confirmed;runtime+static;Omitting signatures from the KDF breaks transcript matching
kex-03-3;Confirmed;runtime+static;The generic double-key KEM fails its claimed first-key CCA game
kex-04-1;Confirmed;runtime;DKEX-512 silently derives different keys in honest sessions
kex-04-2;Confirmed;runtime;DKEX ignores input lengths before fixed-size reads
kex-05-1;Confirmed;runtime;The specified decryption-failure rate causes honest-session aborts
kex-05-2;Confirmed;runtime;Ephemeral-key reuse recovers the complete Loom-KEM secret key
kex-05-3;Confirmed;runtime+static;Shuttle signing-key leakage enables permanent responder impersonation
kex-05-4;Confirmed;static;Loom's ICCS build uses the external DRBG as an XOF
kex-06-1;Confirmed;static;MAMBA-NIKE-384 and -512 use only 256 secret-seed bits
kex-06-2;Lead;runtime;Static-key reconciliation admits an active reaction-recovery path
kex-06-3;Proof gap;static;Reconciliation leakage makes the passive-security bound vacuous
kex-07-1;Confirmed;review;Both party identities are hard-wired to zero
kex-08-1;Confirmed;runtime;The raw shared j-invariant is distinguishable from a uniform key
kex-08-2;Confirmed;runtime;NIIKE-lv512 key generation cycles between two hard-coded secret keys
kex-08-3;Confirmed;runtime;A crafted peer key forces the honest party's shared secret
kex-08-4;Confirmed;runtime;Malformed peer keys terminate the honest party's process
kex-09-1;Confirmed;runtime;Decapsulation re-expands its secret key with a variable-length sampler
kex-09-2;Lead;runtime;FO re-encryption leaks the decrypted message through sampler timing
sign-01-1;Confirmed;runtime;Trivial signature malleability violates SUF-CMA
sign-01-2;Confirmed;runtime;Malformed hint counts cause an attacker-controlled stack write
sign-01-3;Confirmed;runtime;Signature API ignores declared key-buffer lengths
sign-01-4;Confirmed;runtime;Honest signing writes one polynomial past the mask vector
sign-01-5;Confirmed;static;The challenge sampler collapses independent signs to one effective bit
sign-01-6;Confirmed;static;The printed abort bound exceeds one, outside the theorems' hypothesis
sign-01-7;Confirmed;static;The external DRBG is used as a KDF
sign-02-1;Confirmed;static;A 512-bit unsalted message representative caps forgery security at 256 bits
sign-02-2;Confirmed;runtime;A shared bimodal sign leaks an equivalent BiT-128 signing key
sign-03-1;Confirmed;runtime;Hypertree index collapse causes repeated few-time keys
sign-04-1;Confirmed;runtime;The 160-bit WOTS implementation authenticates only 128 bits
sign-04-2;Confirmed;runtime;FORC chain addresses are truncated to eight bits
sign-04-3;Confirmed;review;Specified and implemented hash instantiations are incompatible
sign-05-1;Confirmed;runtime;The final Fiat–Shamir challenge omits ã0, allowing public-key-only universal forgery
sign-05-2;Confirmed;review;Signing indexes lookup tables with the secret key
sign-05-3;Confirmed;static;The specified opening-rejection retry cannot make progress
sign-05-4;Probable;runtime;uBlockith-EM witness misalignment reduces the specified relation to a two-round fixed point
sign-05-5;Confirmed;runtime;Vistrutith combines three constraint families as one polynomial
sign-06-1;Confirmed;static;The implemented message representative caps forgery security at 256 bits
sign-06-2;Confirmed;static;The implementation expands the entire key pair from a 256-bit root
sign-06-3;Confirmed;runtime;Rejected signatures leak heap memory without bound
sign-06-4;Confirmed;runtime;XOF block replay duplicates every high-level secret polynomial
sign-06-5;Confirmed;runtime+static;A byte-wide position index and 64 sign bits shrink the 384- and 512-bit challenge spaces below their levels
sign-07-1;Confirmed;runtime;Trivial signature malleability violates SUF-CMA
sign-07-2;Confirmed;runtime;Verifier challenge-sign blindness enables universal forgery
sign-07-3;Confirmed;review;Compressed signatures enable practical equivalent-key recovery and forgery
sign-08-1;Confirmed;static;The implemented message representative caps forgery security at 256 bits
sign-08-2;Confirmed;runtime;The compression-consistency restart leaks an equivalent DARTS-128 signing key
sign-09-1;Confirmed;runtime+static;The unauthenticated signature salt invalidates the salted-target analysis
sign-10-1;Lead;review;The hidden zero subspace has an unpriced algebraic recovery path
sign-10-2;Confirmed;runtime;The public key yields a universal signing trapdoor
sign-11-1;Confirmed;static;PORS counter grinding reduces every claimed security level
sign-11-2;Withdrawn;static;Withdrawn — SM3 evaluation-mode length extension
sign-11-3;Confirmed;static;The specified OTS verifier omits its encoding checks
sign-11-4;Withdrawn;static;Withdrawn — SM3 evaluation-state ceiling
sign-11-5;Confirmed;runtime+static;Unchecked PORS padding makes signatures malleable
sign-11-6;Confirmed;static;The specified PORS tree reuses leaf hash addresses
sign-11-7;Confirmed;static;The implementation leaves 1 to 4 OTS digest bits unchecked
sign-11-8;Confirmed;static;Complementary constant-sum rounding breaks interoperability
sign-12-1;Confirmed;runtime;Publicly reproducible signing keys
sign-12-2;Confirmed;runtime;32-bit message-length truncation enables long-message forgeries
sign-12-3;Confirmed;runtime;Same-key S/F signatures recover the Galas secret key
sign-12-4;Confirmed;static;Key generation resets the external DRBG as a seed expander
sign-13-1;Confirmed;static;SHAKE256 capacity reduces GreatWall-512 forgery cost to about 2^256
sign-14-1;Confirmed;runtime;A degenerate QuickSilver witness gives universal public-key-only forgeries
sign-15-1;Confirmed;review;Returned-length error causes an out-of-bounds heap disclosure
sign-15-2;Confirmed;runtime;Trivial hint-padding malleability violates SUF-CMA
sign-15-3;Confirmed;static;The ATLAS-192 challenge space is below 192 bits
sign-15-4;Confirmed;runtime;Repeated masking coefficients expose the signing key
sign-15-5;Confirmed;runtime;Unchecked hint decoding causes out-of-bounds reads and writes
sign-15-6;Withdrawn;review;Withdrawn — official NICCS DRNG rotates by the word size
sign-15-7;Confirmed;runtime;Finite mask support leaks the specified ATLAS-128 signing key
sign-16-1;Proof gap;review;The stated hash requirement is too weak for the EUF-CMA target
sign-16-2;Proof gap;review;Polynomial solutions of the relaxed Octarine-512 SIS estimates
sign-17-1;Confirmed;runtime;The specified fixed-support challenge permits public-key forgeries in 2^39, 2^45, and 2^90
sign-17-2;Confirmed;runtime;The specified high-bit wrap rejects honest signatures
sign-18-1;Confirmed;static;A fixed 512-bit message prehash caps forgery security at 256 bits
sign-18-2;Confirmed;runtime;Signatures expose the hidden-algebra constraint subspace
sign-18-3;Confirmed;review;Variable-time hidden-zone linear solving
sign-18-4;Confirmed;review;Signing indexes field tables and signature state with private values
sign-18-5;Confirmed;runtime;Public variable permutation permits signature forgery
sign-19-1;Confirmed;runtime;Phoenix parameter sets define incompatible signature languages
sign-20-1;Proof gap;static;Qingluan-128's own quantum accounting falls below the 80-bit target
sign-20-2;Confirmed;runtime;DRBG rollback is outside the security model, so the reported witness recovery is not an attack
sign-20-3;Confirmed;runtime+static;Nested SM3 multicollisions give sub-target message binding for QingLuan-384 and -512
sign-20-4;Confirmed;runtime;Signing re-expands the secret through a variable-work sampler
sign-20-5;Confirmed;runtime+static;Qing Luan's random-generation state caps the 384- and 512-bit sets at 256 bits
sign-21-1;Confirmed;runtime;A shared TCCR tweak enables one-signature multi-target key recovery below the claimed levels
sign-21-2;Confirmed;static;A shared leaf-commitment tweak gives one-signature multi-target key recovery
sign-21-3;Confirmed;runtime;Same-key deterministic S/F signatures recover an equivalent witness
sign-22-1;Confirmed;static;The implemented message representative caps forgery security at 256 bits
sign-22-2;Confirmed;static;The implementation expands the complete key pair from a 256-bit root
sign-22-3;Confirmed;runtime+static;Rhyme-SM3 omits the specified doubled-width parity mask
sign-22-4;Confirmed;runtime;An undersized rejection envelope permits practical secret-tail recovery and forgery
sign-23-1;Confirmed;runtime;Reversed transition leaks Shuttle's signing key
sign-23-2;Confirmed;static;Shuttle's ICCS build uses the external DRBG as an XOF
sign-24-1;Confirmed;runtime;Chunked Reed–Solomon encoding reveals the signing witness
sign-25-1;Confirmed;runtime;Verifier verdict is decided by stale stack contents
sign-25-2;Lead;review;Isogeny prime sizing relies on the former square-root attack cost
sign-25-3;Confirmed;runtime;Detached compact challenge enables one-query message-retargeting forgeries
sign-26-1;Lead;review;Prime sizing assumes a superseded square-root isogeny cost
sign-26-2;Confirmed;static;Missing challenge grinding drops Levels 1 and 3 below their targets
sign-27-1;Confirmed;runtime;An all-zero signature aborts the verifier process
sign-27-2;Lead;review;Triangle prime sizing relies on the former square-root attack cost
sign-27-3;Confirmed;static;A known signature transfers to a new message in about 2^(lambda/2) work
sign-27-4;Proof gap;review;Distinct challenges can share the identical response, invalidating special soundness
sign-27-5;Confirmed;runtime;Response rescaling gives a practical fresh-message forgery
sign-28-1;Confirmed;runtime;SYDO enforces two fewer grinding bits than its claimed soundness
sign-28-2;Confirmed;runtime;The reference verifier ignores required BAVC opening padding
sign-28-3;Confirmed;static;The implementations omit the Hash4 step required by the proof
sign-28-4;Confirmed;static;Reference universal hashing reads beyond an eight-byte stack buffer
sign-28-5;Confirmed;runtime;An undocumented exported helper generates keys from a public constant
sign-29-1;Confirmed;runtime;One signature reveals the complete signing witness
sign-29-2;Confirmed;static;Deterministic TINS expansion depends on the external DRBG
sign-30-1;Confirmed;runtime;The normal build deterministically exposes every signing key
sign-31-1;Confirmed;static;A 512-bit prehash caps forgery security at 256 bits
sign-31-2;Confirmed;review;Secret-dependent echelon pivots during signing
sign-32-1;Confirmed;runtime;Every signature is accepted
sign-32-2;Confirmed;runtime;An all-zero signature crashes two verifier instances
sign-32-3;Confirmed;runtime;Pair-correlated signatures recover an equivalent UVW-128 signing key
sign-32-4;Confirmed;static;UVW-Sign resets the external DRBG for deterministic matrix expansion
sign-33-1;Confirmed;runtime;Publicly reproducible signing keys
sign-33-2;Confirmed;static;A 256-bit implementation prehash limits forgery security to 128 bits
sign-33-3;Proof gap;static;The VDOO-256 and -512 proof bound contains a 128-bit salt term
sign-33-4;Confirmed;runtime;Signing reuses a publicly predictable randomness stream
sign-33-5;Confirmed;review;Signing branches directly on private central-map coefficients
sign-33-6;Confirmed;runtime;Restricted oil terms enable a public-key-only VDOO forgery
sign-34-1;Confirmed;runtime;Wrong perturbation covariance leaks secret-basis information
sign-34-2;Confirmed;runtime;Non-injective public-key packing creates key aliases
sign-34-3;Confirmed;runtime;Wrong wide-sampler constant leaks secret-basis information through signature means
sign-34-4;Confirmed;runtime;Wrong Delta2 exponent causes excessive signing rejection
