# Curated external encoded/declared sizes, independent of the timing records.
# encoded = shipped external format; maximum-variable = encoded-format maximum;
# nominal-variable = specification's representative size (actual signatures vary).
# The spec/encoding discrepancies are documented in EXTERNAL_SIZE_AUDIT.md.
ID;Instance;PublicKeyBytes;CiphertextBytes;SignatureBytes;Basis
kem-01;Aigis-enc1;656;896;;encoded
kem-01;Aigis-enc2;1312;1664;;encoded
kem-01;Aigis-enc3;2624;3584;;encoded
kem-02;Amoeba128;784;1047;;encoded
kem-02;Amoeba192;1144;1581;;encoded
kem-02;Amoeba256;1648;1833;;encoded
kem-02;Amoeba384;2440;2769;;encoded
kem-02;Amoeba512;3520;3914;;encoded
kem-03;BAG-Loong-128;2500;3071;;encoded
kem-03;BAG-Loong-256;6597;8400;;encoded
kem-03;BAG-Loong-384;12152;15112;;encoded
kem-03;BAG-Loong-512;19043;21660;;encoded
kem-04;bag_piglet_128;522;1027;;encoded
kem-04;bag_piglet_256;1573;3097;;encoded
kem-04;bag_piglet_384;2778;5475;;encoded
kem-04;bag_piglet_512;4158;8204;;encoded
kem-05;BIKE_v2_128;1541;1573;;encoded
kem-05;BIKE_v2_256;5122;5154;;encoded
kem-05;BIKE_v2_512;18751;18815;;encoded
kem-06;BRA-128;1078;2092;;encoded
kem-06;BRA-256;1735;3406;;encoded
kem-06;BRA-512;3573;7082;;encoded
kem-07;BRQC-128;1954;3844;;encoded
kem-07;BRQC-256;3345;6626;;encoded
kem-07;BRQC-512;6562;13060;;encoded
kem-08;BW_KEM_C128;784;768;;encoded
kem-08;BW_KEM_C256;1568;1440;;encoded
kem-08;BW_KEM_C512;3136;2944;;encoded
kem-09;Cheetah128;832;864;;encoded
kem-09;Cheetah256;1648;1728;;encoded
kem-09;Cheetah384;2704;2832;;encoded
kem-09;Cheetah512;3600;4032;;encoded
kem-10;CMultiURAG-128;3866;7332;;encoded
kem-10;CMultiURAG-256;10780;15304;;encoded
kem-10;CMultiURAG-512;28866;40926;;encoded
kem-11;COMPASS-KEM-128;672;768;;encoded
kem-11;COMPASS-KEM-256;1312;1472;;encoded
kem-11;COMPASS-KEM-384;2144;2432;;encoded
kem-11;COMPASS-KEM-512;2848;3264;;encoded
kem-12;CTL-257-512;521;473;;encoded
kem-12;CTL-3329-2048;3009;2353;;encoded
kem-12;CTL-769-1024;1230;1006;;encoded
kem-13;DKEM-128;800;800;;encoded
kem-13;DKEM-256;1568;1600;;encoded
kem-13;DKEM-512;3392;3136;;encoded
kem-14;DTRU-1024;1536;1280;;encoded
kem-14;DTRU-1024-PACK_PK;1506;1280;;encoded
kem-14;DTRU-1536;2304;1920;;encoded
kem-14;DTRU-1536-PACK_PK;2259;1920;;encoded
kem-14;DTRU-2048;3072;2560;;encoded
kem-14;DTRU-2048-PACK_PK;3012;2560;;encoded
kem-14;DTRU-648;972;729;;encoded
kem-14;DTRU-648-PACK_PK;954;729;;encoded
kem-14;DTRU-768;1152;960;;encoded
kem-14;DTRU-768-PACK_PK;1130;960;;encoded
kem-14;DTRU-Light;640;512;;encoded
kem-14;DTRU-Prime;1495;1359;;encoded
kem-15;FLIT128_REF;615;512;;encoded
kem-15;FLIT256_REF;1229;1024;;encoded
kem-15;FLIT512_REF;3072;2304;;encoded
kem-16;HARE-128-kr;2629;4688;;encoded
kem-16;HARE-256-kr;6580;11790;;encoded
kem-16;HARE-384-kr;13157;23693;;encoded
kem-16;HARE-512-kr;21812;39294;;encoded
kem-17;hep-qc-1;285889;4433;;encoded
kem-17;hep-qc-3;866210;8978;;encoded
kem-17;hep-qc-5;1852485;14421;;encoded
kem-17;hep-qc-7;12644449;49297;;encoded
kem-18;Loong128;1472;1512;;encoded
kem-18;Loong256;3248;3520;;encoded
kem-18;Loong384;6444;6680;;encoded
kem-18;Loong512;10640;10848;;encoded
kem-19;Lore-SHAKE-L1;610;706;;encoded
kem-19;Lore-SHAKE-L2;1186;1282;;encoded
kem-19;Lore-SHAKE-L3;1954;2114;;encoded
kem-19;Lore-SHAKE-L4;2914;3170;;encoded
kem-19;Lore-SM3-L1;610;706;;encoded
kem-19;Lore-SM3-L2;1186;1282;;encoded
kem-19;Lore-SM3-L3;1954;2114;;encoded
kem-19;Lore-SM3-L4;2914;3170;;encoded
kem-20;MAMBA-Frost-128;5152;5192;;encoded
kem-20;MAMBA-Frost-192;9712;9760;;encoded
kem-20;MAMBA-Frost-256;16776;15552;;encoded
kem-20;MAMBA-Frost-384;25096;37736;;encoded
kem-20;MAMBA-Frost-512;36432;72944;;encoded
kem-20;MAMBA-Frost-CC-128;5152;5192;;encoded
kem-20;MAMBA-Frost-CC-192;9712;9760;;encoded
kem-20;MAMBA-Frost-CC-256;16776;15552;;encoded
kem-20;MAMBA-Frost-CC-384;37628;25204;;encoded
kem-20;MAMBA-Frost-CC-512;72832;36544;;encoded
kem-21;MAMBA-Viper-128;608;736;;encoded
kem-21;MAMBA-Viper-192;992;1088;;encoded
kem-21;MAMBA-Viper-256;1312;1472;;encoded
kem-21;MAMBA-Viper-384;2496;2656;;encoded
kem-21;MAMBA-Viper-512;3200;3456;;encoded
kem-22;Mithril-128;944;928;;encoded
kem-22;Mithril-128-avx2;944;928;;encoded
kem-22;Mithril-256;1648;1680;;encoded
kem-22;Mithril-256-avx2;1648;1680;;encoded
kem-22;Mithril-512;3056;3504;;encoded
kem-22;Mithril-512-avx2;3056;3504;;encoded
kem-23;Mito-1-128;3908;5796;;encoded
kem-23;Mito-1-256;8522;12714;;encoded
kem-23;Mito-1-512;26630;39878;;encoded
kem-23;Mito-1-E-128;3720;5512;;encoded
kem-23;Mito-1-E-256;8130;12130;;encoded
kem-23;Mito-1-E-512;25674;38442;;encoded
kem-23;Mito-2-E-128;5192;6440;;encoded
kem-23;Mito-2-E-256;10828;13484;;encoded
kem-23;Mito-2-E-512;32712;40840;;encoded
kem-24;scabbard128;736;760;;encoded
kem-24;scabbard256;1616;1648;;encoded
kem-24;scabbard512;2880;3072;;encoded
kem-25;NEV_1024_1409_ICCS;1344;1344;;encoded
kem-25;NEV_1024_3329_ICCS;1536;1536;;encoded
kem-25;NEV_1024_769_C_ICCS;1229;1024;;encoded
kem-25;NEV_1024_769_ICCS;1229;1229;;encoded
kem-25;NEV_2048_1409_ICCS;2688;2688;;encoded
kem-25;NEV_2048_3329_ICCS;3072;3072;;encoded
kem-25;NEV_2048_769_C_ICCS;2458;2048;;encoded
kem-25;NEV_2048_769_ICCS;2458;2458;;encoded
kem-25;NEV_512_1409_ICCS;672;672;;encoded
kem-25;NEV_512_3329_ICCS;768;768;;encoded
kem-25;NEV_512_769_C_ICCS;615;512;;encoded
kem-25;NEV_512_769_ICCS;615;615;;encoded
kem-26;HQC-128;3713;5185;;encoded
kem-26;HQC-256;6844;9084;;encoded
kem-26;HQC-384;15371;18571;;encoded
kem-26;HQC-512;27302;31462;;encoded
kem-27;NTRE-128;972;972;;encoded
kem-27;NTRE-256;1944;1944;;encoded
kem-27;NTRE-512;3456;3456;;encoded
kem-28;OAEP-NTRU-1296;2430;2494;;encoded
kem-28;OAEP-NTRU-2592;4860;4988;;encoded
kem-28;OAEP-NTRU-648;1053;1085;;encoded
kem-29;PolarKEM-128;1024;768;;encoded
kem-29;PolarKEM-256;2048;1280;;encoded
kem-29;PolarKEM-512;4096;2304;;encoded
kem-30;POLARLAC-128;530;640;;encoded
kem-30;POLARLAC-256;1060;1280;;encoded
kem-30;POLARLAC-512;2116;2560;;encoded
kem-30;POLARLAC-512-Star;2522;2970;;encoded
kem-30;POLARLAC-Light;530;608;;encoded
kem-31;NGCC-1;389;602;;encoded
kem-31;NGCC-2;592;882;;encoded
kem-31;NGCC-3;1198;1746;;encoded
kem-32;QCTM128;167987;640;;encoded
kem-32;QCTM256;595662;1153;;encoded
kem-32;QCTM512;2374727;2264;;encoded
kem-33;qube-128;3294;3287;;encoded
kem-33;qube-192;6364;6362;;encoded
kem-33;qube-256;10446;10423;;encoded
kem-33;qube-384;20738;20633;;encoded
kem-33;qube-512;34028;33846;;encoded
kem-34;lwekem128;880;912;;encoded
kem-34;lwekem256;1760;1728;;encoded
kem-34;lwekem512;3392;3552;;encoded
kem-35;Scloudplus-128-AES-packed10;6096;6160;;encoded
kem-35;Scloudplus-128-SHAKE-avx2;6096;6160;;encoded
kem-35;Scloudplus-128-SHAKE-packed10;6096;6160;;encoded
kem-35;Scloudplus-128-SM3-packed10;6096;6160;;encoded
kem-35;Scloudplus-192-AES-packed10;11456;12645;;encoded
kem-35;Scloudplus-192-SHAKE-packed10;11456;12645;;encoded
kem-35;Scloudplus-192-SM3-packed10;11456;12645;;encoded
kem-35;Scloudplus-256-AES-packed10;16296;17925;;encoded
kem-35;Scloudplus-256-SHAKE-packed10;16296;17925;;encoded
kem-35;Scloudplus-256-SM3-packed10;16296;17925;;encoded
kem-35;Scloudplus-384-AES-packed10;33296;33600;;encoded
kem-35;Scloudplus-384-SHAKE-packed10;33296;33600;;encoded
kem-35;Scloudplus-384-SM3-packed10;33296;33600;;encoded
kem-35;Scloudplus-512-AES-packed10;48016;48320;;encoded
kem-35;Scloudplus-512-SHAKE-packed10;48016;48320;;encoded
kem-35;Scloudplus-512-SM3-packed10;48016;48320;;encoded
kem-36;TRIKE-2;1980;3928;;encoded
kem-36;TRIKE-5;4453;8874;;encoded
kem-36;TRIKE-7;8776;17488;;encoded
kem-36;TRIKE-9;14320;28576;;encoded
kem-37;TriQ-KEM-128;2054;4086;;encoded
kem-37;TriQ-KEM-256;6328;12472;;encoded
kem-37;TriQ-KEM-384;12255;24335;;encoded
kem-37;TriQ-KEM-512;19768;39320;;encoded
kem-38;UVW-KEM-128;208013;1032;;encoded
kem-38;UVW-KEM-256;911645;2199;;encoded
kem-38;UVW-KEM-512;4001850;4820;;encoded
kem-39;WeaverKEM-128;752;816;;encoded
kem-39;WeaverKEM-256;1312;1536;;encoded
kem-39;WeaverKEM-512;2880;3392;;encoded
kem-40;yuanyang-1024;1568;1344;;encoded
kem-40;yuanyang-2048;3328;2880;;encoded
kem-40;yuanyang-512;736;656;;encoded
kem-41;ZEN_128;615;512;;encoded
kem-41;ZEN_256;1229;1024;;encoded
kem-41;ZEN_512;2458;2048;;encoded
sign-01;Aigis-sig1;928;;2015;maximum-variable
sign-01;Aigis-sig2;1824;;4533;maximum-variable
sign-01;Aigis-sig3;4672;;9134;maximum-variable
sign-02;BiT-128;1048;;1504;encoded
sign-02;BiT-128-avx2;1048;;1504;encoded
sign-02;BiT-256;2144;;3456;encoded
sign-02;BiT-256-avx2;2144;;3456;encoded
sign-02;BiT-512;5056;;6695;encoded
sign-02;BiT-512-avx2;5056;;6695;encoded
sign-03;CEDRUSC-160f;40;;19812;encoded
sign-03;CEDRUSC-160s;40;;9460;encoded
sign-03;CEDRUSC-256f;64;;43548;encoded
sign-03;CEDRUSC-256s;64;;24104;encoded
sign-03;CEDRUSC-384f;96;;75988;encoded
sign-03;CEDRUSC-384s;96;;61572;encoded
sign-03;CEDRUSC-512f;128;;121520;encoded
sign-03;CEDRUSC-512s;128;;98212;encoded
sign-04;CEDRUSALPHA-160f;40;;19420;encoded
sign-04;CEDRUSALPHA-160s;40;;10300;encoded
sign-04;CEDRUSALPHA-256f;64;;43296;encoded
sign-04;CEDRUSALPHA-256s;64;;25568;encoded
sign-04;CEDRUSALPHA-384f;96;;76176;encoded
sign-04;CEDRUSALPHA-384s;96;;60672;encoded
sign-04;CEDRUSALPHA-512f;128;;127488;encoded
sign-04;CEDRUSALPHA-512s;128;;98048;encoded
sign-05;sm4th_d3_128f_loose;32;;6724;encoded
sign-05;sm4th_d3_128f_tight;32;;11864;encoded
sign-05;sm4th_d3_128s_loose;32;;5056;encoded
sign-05;sm4th_d3_128s_tight;32;;9176;encoded
sign-05;sm4th_em_d2_128f_loose;32;;4932;encoded
sign-05;sm4th_em_d2_128f_tight;32;;9450;encoded
sign-05;sm4th_em_d2_128s_loose;32;;3818;encoded
sign-05;sm4th_em_d2_128s_tight;32;;7556;encoded
sign-05;ublockith_d3_256f;64;;31556;encoded
sign-05;ublockith_d3_256s;64;;24144;encoded
sign-05;ublockith_em_d3_256f;64;;25028;encoded
sign-05;ublockith_em_d3_256s;64;;19056;encoded
sign-05;vistrutith_d3_512f;128;;106788;encoded
sign-05;vistrutith_d3_512s;128;;83004;encoded
sign-06;COMPASS-SIG-128;1664;;2080;encoded
sign-06;COMPASS-SIG-256;3616;;4080;encoded
sign-06;COMPASS-SIG-384;5792;;7344;encoded
sign-06;COMPASS-SIG-512;7648;;9024;encoded
sign-07;CS-128;976;;1548;encoded
sign-07;CS-256;1760;;3164;encoded
sign-07;CS-512;4288;;5975;encoded
sign-08;DARTS128;1120;;1449;encoded
sign-08;DARTS256;2208;;2489;encoded
sign-08;DARTS512;4672;;5851;encoded
sign-09;dove_classic_128;191646;;136;encoded
sign-09;dove_classic_256;2050352;;296;encoded
sign-09;dove_classic_512;22833052;;648;encoded
sign-09;dove_pkc_skc_128;43576;;136;encoded
sign-09;dove_pkc_skc_256;446992;;296;encoded
sign-09;dove_pkc_skc_512;5062192;;648;encoded
sign-10;Facto-DSA-128;40040;;40;encoded
sign-10;Facto-DSA-256;456960;;68;encoded
sign-10;Facto-DSA-512;5674240;;128;encoded
sign-11;Flextree-160f;40;;18672;encoded
sign-11;Flextree-160s;40;;9580;encoded
sign-11;Flextree-256f;64;;46856;encoded
sign-11;Flextree-256s;64;;25420;encoded
sign-11;Flextree-384f;96;;73396;encoded
sign-11;Flextree-384s;96;;60180;encoded
sign-11;Flextree-512f;128;;117296;encoded
sign-11;Flextree-512s;128;;94948;encoded
sign-12;Galas-160F;40;;5964;encoded
sign-12;Galas-160S;40;;4812;encoded
sign-12;Galas-256F;64;;15950;encoded
sign-12;Galas-256S;64;;12114;encoded
sign-12;Galas-384F;96;;33384;encoded
sign-12;Galas-384S;96;;27784;encoded
sign-12;Galas-512F;128;;59416;encoded
sign-12;Galas-512S;128;;49516;encoded
sign-13;GreatWall128f;36;;3396;encoded
sign-13;GreatWall128s;36;;2758;encoded
sign-13;GreatWall192f;50;;8012;encoded
sign-13;GreatWall192s;50;;6804;encoded
sign-13;GreatWall256f;66;;14260;encoded
sign-13;GreatWall256s;66;;12236;encoded
sign-13;GreatWall512f;132;;57812;encoded
sign-13;GreatWall512s;132;;50012;encoded
sign-14;Lynxer-160f;40;;5801;encoded
sign-14;Lynxer-160s;40;;4607;encoded
sign-14;Lynxer-256f;64;;15097;encoded
sign-14;Lynxer-256s;64;;12191;encoded
sign-14;Lynxer-384f;96;;34109;encoded
sign-14;Lynxer-384s;96;;27495;encoded
sign-14;Lynxer-512f;128;;61091;encoded
sign-14;Lynxer-512s;128;;48879;encoded
sign-15;lwrdsa128;1328;;2081;encoded
sign-15;lwrdsa192;2112;;3365;encoded
sign-15;lwrdsa256;2848;;4656;encoded
sign-15;lwrdsa512;6688;;10081;encoded
sign-16;Octarine-128;1344;;2564;encoded
sign-16;Octarine-256;2368;;5449;encoded
sign-16;Octarine-512;5184;;14713;encoded
sign-17;OPSsig-128;2560;;4349;encoded
sign-17;OPSsig-256;3392;;5540;encoded
sign-17;OPSsig-512;6720;;12021;encoded
sign-18;Origami-128;2996;;116;encoded
sign-18;Origami-256;14968;;516;encoded
sign-18;Origami-384;27940;;948;encoded
sign-18;Origami-512;35924;;1220;encoded
sign-19;Phoenix-SHAKE-128f;32;;13670;maximum-variable
sign-19;Phoenix-SHAKE-128s;32;;6258;maximum-variable
sign-19;Phoenix-SHAKE-192f;48;;30766;maximum-variable
sign-19;Phoenix-SHAKE-192s;48;;13332;maximum-variable
sign-19;Phoenix-SHAKE-256f;64;;44906;maximum-variable
sign-19;Phoenix-SHAKE-256s;64;;24618;maximum-variable
sign-19;Phoenix-SHAKE-384f;96;;88442;maximum-variable
sign-19;Phoenix-SHAKE-384s;96;;54726;maximum-variable
sign-19;Phoenix-SHAKE-512f;128;;138454;maximum-variable
sign-19;Phoenix-SHAKE-512s;128;;98476;maximum-variable
sign-19;Phoenix-SM3-128f;32;;13670;maximum-variable
sign-19;Phoenix-SM3-128s;32;;6258;maximum-variable
sign-19;Phoenix-SM3-192f;48;;30766;maximum-variable
sign-19;Phoenix-SM3-192s;48;;13332;maximum-variable
sign-19;Phoenix-SM3-256f;64;;44906;maximum-variable
sign-19;Phoenix-SM3-256s;64;;24618;maximum-variable
sign-19;Phoenix-SM3-384f;96;;88442;maximum-variable
sign-19;Phoenix-SM3-384s;96;;54726;maximum-variable
sign-19;Phoenix-SM3-512f;128;;138454;maximum-variable
sign-19;Phoenix-SM3-512s;128;;98476;maximum-variable
sign-20;QingLuan-128;77;;18720;encoded
sign-20;QingLuan-256;153;;74248;encoded
sign-20;QingLuan-384;227;;164940;encoded
sign-20;QingLuan-512;302;;292816;encoded
sign-21;ReSolveD-alpha-160f;121;;6851;encoded
sign-21;ReSolveD-alpha-160s;121;;5307;encoded
sign-21;ReSolveD-alpha-256f;194;;17932;encoded
sign-21;ReSolveD-alpha-256s;194;;13973;encoded
sign-21;ReSolveD-alpha-384f;288;;40469;encoded
sign-21;ReSolveD-alpha-384s;288;;31575;encoded
sign-21;ReSolveD-alpha-512f;385;;72611;encoded
sign-21;ReSolveD-alpha-512s;385;;56239;encoded
sign-22;Rhyme-SHAKE-128;800;;1483;nominal-variable
sign-22;Rhyme-SHAKE-256;1824;;3258;nominal-variable
sign-22;Rhyme-SHAKE-384;2720;;4743;nominal-variable
sign-22;Rhyme-SHAKE-512;3872;;7002;nominal-variable
sign-22;Rhyme-SM3-128;800;;1483;nominal-variable
sign-22;Rhyme-SM3-256;1824;;3258;nominal-variable
sign-22;Rhyme-SM3-384;2720;;4743;nominal-variable
sign-22;Rhyme-SM3-512;3872;;7002;nominal-variable
sign-23;SHUTTLE-128;1264;;1183;encoded
sign-23;SHUTTLE-256;1952;;2417;encoded
sign-23;SHUTTLE-512;3648;;5001;encoded
sign-24;Sigurd-128;112;;25108;nominal-variable
sign-24;Sigurd-256;212;;74756;nominal-variable
sign-24;Sigurd-512;435;;282692;nominal-variable
sign-25;SQISign2Dsquare-Level1-eff_compressed;65;;168;encoded
sign-25;SQISign2Dsquare-Level1-eff_uncompressed;64;;200;encoded
sign-25;SQISign2Dsquare-Level1-sec_compressed;69;;178;encoded
sign-25;SQISign2Dsquare-Level1-sec_uncompressed;68;;212;encoded
sign-25;SQISign2Dsquare-Level2-eff_compressed;81;;208;encoded
sign-25;SQISign2Dsquare-Level2-eff_uncompressed;80;;248;encoded
sign-25;SQISign2Dsquare-Level2-sec_compressed;85;;218;encoded
sign-25;SQISign2Dsquare-Level2-sec_uncompressed;84;;260;encoded
sign-25;SQISign2Dsquare-Level3-eff_compressed;129;;326;encoded
sign-25;SQISign2Dsquare-Level3-eff_uncompressed;128;;392;encoded
sign-25;SQISign2Dsquare-Level3-sec_compressed;133;;338;encoded
sign-25;SQISign2Dsquare-Level3-sec_uncompressed;132;;404;encoded
sign-25;SQISign2Dsquare-Level5-eff_compressed;257;;648;encoded
sign-25;SQISign2Dsquare-Level5-eff_uncompressed;256;;776;encoded
sign-25;SQISign2Dsquare-Level5-sec_compressed;269;;678;encoded
sign-25;SQISign2Dsquare-Level5-sec_uncompressed;268;;812;encoded
sign-26;SQIsign2D-lvl1;64;;150;encoded
sign-26;SQIsign2D-lvl2;96;;218;encoded
sign-26;SQIsign2D-lvl3;128;;293;encoded
sign-26;SQIsign2D-lvl4;262;;593;encoded
sign-27;SQIsignTriangle_lvl1;65;;204;encoded
sign-27;SQIsignTriangle_lvl2;81;;255;encoded
sign-27;SQIsignTriangle_lvl5;129;;408;encoded
sign-27;SQIsignTriangle_lvl6;257;;816;encoded
sign-28;sydo_160f;80;;6724;encoded
sign-28;sydo_160s;80;;5428;encoded
sign-28;sydo_256f;128;;17604;encoded
sign-28;sydo_256s;128;;14444;encoded
sign-28;sydo_512f;246;;67716;encoded
sign-28;sydo_512s;246;;56672;encoded
sign-29;Tins128;51;;3284;maximum-variable
sign-29;Tins256;98;;13012;maximum-variable
sign-29;Tins512;195;;51187;maximum-variable
sign-30;TRINE-128-Balanced;16004;;3156;encoded
sign-30;TRINE-128-ShortSig;63920;;1652;encoded
sign-30;TRINE-256-Balanced;96064;;11712;encoded
sign-30;TRINE-256-ShortSig;384064;;5968;encoded
sign-30;TRINE-512-Balanced;797290;;46565;encoded
sign-30;TRINE-512-ShortSig;3188776;;23672;encoded
sign-31;TSUOV_128;779;;896;encoded
sign-31;TSUOV_256;2170;;2412;encoded
sign-31;TSUOV_512;21319;;2939;encoded
sign-32;UVW-128;5897612;;1244;encoded
sign-32;UVW-256;23040012;;2444;encoded
sign-32;UVW-512;95160012;;4956;encoded
sign-33;vdoo_128;330855;;85;encoded
sign-33;vdoo_256;4289250;;316;encoded
sign-33;vdoo_512;20229300;;471;encoded
sign-34;yuanyang-1024;1570;;1150;encoded
sign-34;yuanyang-2048;3330;;2364;encoded
sign-34;yuanyang-512;738;;561;encoded
