ID;Instance;TargetBits
hash-01;AFS-TrEDM-1024;512
hash-01;AFS-TrEDM-512;256
hash-01;AFS-TrEDM-768;
hash-02;AXIS-1024;512
hash-02;AXIS-512;256
hash-02;AXIS-768;
hash-03;CHash_1024;512
hash-03;CHash_512;256
hash-04;CHAMP-1024;512
hash-04;CHAMP-512;256
hash-05;uHash-1024;512
hash-05;uHash-512;256
hash-05;uHash-768;
hash-06;Cuishen-1024;512
hash-06;Cuishen-512;256
hash-06;Cuishen-768;
hash-07;Dragon-1024;512
hash-07;Dragon-512;256
hash-07;Dragon-768;
hash-07;Dragon-XOF-256;256
hash-07;Dragon-XOF-384;
hash-07;Dragon-XOF-512;512
hash-08;Duet-1024;512
hash-08;Duet-512;256
hash-08;Duet-768;
hash-09;Eijen-1024;512
hash-09;Eijen-256;128
hash-09;Eijen-384;
hash-09;Eijen-512;256
hash-09;Eijen-768;
hash-10;FEILIAN1024;512
hash-10;FEILIAN512;256
hash-10;FEILIAN768;
hash-11;Garnet_1024;512
hash-11;Garnet_1024_DM4x4;512
hash-11;Garnet_512_Cap1024;256
hash-11;Garnet_512_Cap512;256
hash-11;Garnet_512_Cap640;256
hash-11;Garnet_512_Cap768;256
hash-11;Garnet_512_Cap896;256
hash-11;Garnet_768;
hash-12;Iphe-1024;512
hash-12;Iphe-512;256
hash-12;Iphe-768;
hash-13;JuziHash-1024;512
hash-13;JuziHash-512;256
hash-14;Laurus-1024;512
hash-14;Laurus-512;256
hash-14;Laurus-768;
hash-14;Laurus-XOF;256
hash-15;litchi_1024;512
hash-15;litchi_512;256
hash-15;litchi_768;
hash-15;litchi_xof;512
hash-16;LLH-1024;512
hash-16;LLH-256;128
hash-16;LLH-512;256
hash-16;LLH-768;
hash-17;MasterCube-1024;512
hash-17;MasterCube-512;256
hash-17;MasterCube-768;
hash-18;MEGASCON-1024;512
hash-18;MEGASCON-384;
hash-18;MEGASCON-384-XOF-1024;
hash-18;MEGASCON-384-XOF-2048;
hash-18;MEGASCON-384-XOF-256;128
hash-18;MEGASCON-512;256
hash-18;MEGASCON-512-XOF-1024;512
hash-18;MEGASCON-512-XOF-2048;512
hash-18;MEGASCON-512-XOF-256;128
hash-18;MEGASCON-768;
hash-19;MoFang-1024;512
hash-19;MoFang-256;128
hash-19;MoFang-256-XOF;128
hash-19;MoFang-512;256
hash-19;MoFang-768;
hash-19;MoFang-768-XOF;
hash-20;MOZI-1024;512
hash-20;MOZI-384;
hash-20;MOZI-384-XOF-1024;
hash-20;MOZI-384-XOF-2048;
hash-20;MOZI-384-XOF-256;128
hash-20;MOZI-512;256
hash-20;MOZI-512-XOF-1024;512
hash-20;MOZI-512-XOF-2048;512
hash-20;MOZI-512-XOF-256;128
hash-20;MOZI-768;
hash-21;Neulaser-1024;512
hash-21;Neulaser-512;256
hash-21;Neulaser-768;
hash-22;Pavelor-1024;512
hash-22;Pavelor-512;256
hash-22;Pavelor-768;
hash-23;QILIN-1024;512
hash-23;QILIN-512;256
hash-23;QILIN-768;
hash-24;QSH-1024;512
hash-24;QSH-512;256
hash-24;QSH-768;
hash-25;TaiChi-1024;512
hash-25;TaiChi-512;256
hash-25;TaiChi-768;
hash-26;CHIME-1024;512
hash-26;CHIME-512;256
hash-27;Vedak-1024;512
hash-27;Vedak-512;256
hash-27;Vedak-768;
hash-28;XRH-1-1024;512
hash-28;XRH-1-512;256
hash-28;XRH-1-768;
hash-29;XRH-2-1024;512
hash-29;XRH-2-512;256
hash-29;XRH-2-768;
hash-30;ZC-DM-1280-1024;512
hash-30;ZC-DM-1280-512;256
hash-30;ZC-DM-1280-768;
hash-30;ZC-DM-1536-1024;512
hash-30;ZC-DM-1536-512;256
hash-30;ZC-DM-1536-768;
hash-31;ZC-DMC-1280-1024;512
hash-31;ZC-DMC-1280-1024-avx2;512
hash-31;ZC-DMC-1280-512;256
hash-31;ZC-DMC-1280-512-avx2;256
hash-31;ZC-DMC-1280-768;
hash-31;ZC-DMC-1280-768-avx2;
hash-31;ZC-DMC-1536-1024;512
hash-31;ZC-DMC-1536-1024-avx2;512
hash-31;ZC-DMC-1536-512;256
hash-31;ZC-DMC-1536-512-avx2;256
hash-31;ZC-DMC-1536-768;
hash-31;ZC-DMC-1536-768-avx2;
hash-32;ZC-EDMC-1280-1024;512
hash-32;ZC-EDMC-1280-512;256
hash-32;ZC-EDMC-1280-768;
hash-32;ZC-EDMC-1536-1024;512
hash-32;ZC-EDMC-1536-512;256
hash-32;ZC-EDMC-1536-768;
hash-33;Thunder-1024;512
hash-33;Thunder-512;256
hash-33;Thunder-768;
hash-33;Thunder-XOF-256;256
hash-33;Thunder-XOF-384;
hash-33;Thunder-XOF-512;512
hash-34;WChain-V1-512;256
hash-34;WChain-V2-1024;512
hash-35;Wish1024;512
hash-35;Wish512;256
kem-01;Aigis-enc1;128
kem-01;Aigis-enc2;256
kem-01;Aigis-enc3;512
kem-02;Amoeba128;128
kem-02;Amoeba192;
kem-02;Amoeba256;256
kem-02;Amoeba384;
kem-02;Amoeba512;512
kem-03;BAG-Loong-128;128
kem-03;BAG-Loong-256;256
kem-03;BAG-Loong-384;
kem-03;BAG-Loong-512;512
kem-04;bag_piglet_128;128
kem-04;bag_piglet_256;256
kem-04;bag_piglet_384;
kem-04;bag_piglet_512;512
kem-05;BIKE_v2_128;128
kem-05;BIKE_v2_256;256
kem-05;BIKE_v2_512;512
kem-06;BRA-128;128
kem-06;BRA-256;256
kem-06;BRA-512;512
kem-07;BRQC-128;128
kem-07;BRQC-256;256
kem-07;BRQC-512;512
kem-08;BW_KEM_C128;128
kem-08;BW_KEM_C256;256
kem-08;BW_KEM_C512;512
kem-09;Cheetah128;128
kem-09;Cheetah256;256
kem-09;Cheetah384;
kem-09;Cheetah512;512
kem-10;CMultiURAG-128;128
kem-10;CMultiURAG-256;256
kem-10;CMultiURAG-512;512
kem-11;COMPASS-KEM-128;128
kem-11;COMPASS-KEM-256;256
kem-11;COMPASS-KEM-384;
kem-11;COMPASS-KEM-512;512
kem-12;CTL-257-512;128
kem-12;CTL-3329-2048;512
kem-12;CTL-769-1024;256
kem-13;DKEM-128;128
kem-13;DKEM-256;256
kem-13;DKEM-512;512
kem-14;DTRU-1024;256
kem-14;DTRU-1024-PACK_PK;256
kem-14;DTRU-1536;
kem-14;DTRU-1536-PACK_PK;
kem-14;DTRU-2048;512
kem-14;DTRU-2048-PACK_PK;512
kem-14;DTRU-648;128
kem-14;DTRU-648-PACK_PK;128
kem-14;DTRU-768;
kem-14;DTRU-768-PACK_PK;
kem-14;DTRU-Light;128
kem-14;DTRU-Prime;256
kem-15;FLIT128_REF;128
kem-15;FLIT256_REF;256
kem-15;FLIT512_REF;512
kem-16;HARE-128-kr;128
kem-16;HARE-256-kr;256
kem-16;HARE-384-kr;
kem-16;HARE-512-kr;512
kem-17;hep-qc-1;128
kem-17;hep-qc-3;
kem-17;hep-qc-5;256
kem-17;hep-qc-7;512
kem-18;Loong128;128
kem-18;Loong256;256
kem-18;Loong384;
kem-18;Loong512;512
kem-19;Lore-SHAKE-L1;128
kem-19;Lore-SHAKE-L2;256
kem-19;Lore-SHAKE-L3;
kem-19;Lore-SHAKE-L4;512
kem-19;Lore-SM3-L1;128
kem-19;Lore-SM3-L2;256
kem-19;Lore-SM3-L3;
kem-19;Lore-SM3-L4;512
kem-20;MAMBA-Frost-128;128
kem-20;MAMBA-Frost-192;
kem-20;MAMBA-Frost-256;256
kem-20;MAMBA-Frost-384;
kem-20;MAMBA-Frost-512;512
kem-20;MAMBA-Frost-CC-128;
kem-20;MAMBA-Frost-CC-192;
kem-20;MAMBA-Frost-CC-256;
kem-20;MAMBA-Frost-CC-384;
kem-20;MAMBA-Frost-CC-512;
kem-21;MAMBA-Viper-128;128
kem-21;MAMBA-Viper-192;
kem-21;MAMBA-Viper-256;256
kem-21;MAMBA-Viper-384;
kem-21;MAMBA-Viper-512;512
kem-22;Mithril-128;128
kem-22;Mithril-128-avx2;128
kem-22;Mithril-256;256
kem-22;Mithril-256-avx2;256
kem-22;Mithril-512;512
kem-22;Mithril-512-avx2;512
kem-23;Mito-1-128;128
kem-23;Mito-1-256;256
kem-23;Mito-1-512;512
kem-23;Mito-1-E-128;128
kem-23;Mito-1-E-256;256
kem-23;Mito-1-E-512;512
kem-23;Mito-2-E-128;128
kem-23;Mito-2-E-256;256
kem-23;Mito-2-E-512;512
kem-24;scabbard128;128
kem-24;scabbard256;256
kem-24;scabbard512;512
kem-25;NEV_1024_1409_ICCS;256
kem-25;NEV_1024_3329_ICCS;
kem-25;NEV_1024_769_C_ICCS;
kem-25;NEV_1024_769_ICCS;
kem-25;NEV_2048_1409_ICCS;512
kem-25;NEV_2048_3329_ICCS;
kem-25;NEV_2048_769_C_ICCS;
kem-25;NEV_2048_769_ICCS;
kem-25;NEV_512_1409_ICCS;128
kem-25;NEV_512_3329_ICCS;
kem-25;NEV_512_769_C_ICCS;
kem-25;NEV_512_769_ICCS;
kem-26;HQC-128;128
kem-26;HQC-256;256
kem-26;HQC-384;
kem-26;HQC-512;512
kem-27;NTRE-128;128
kem-27;NTRE-256;256
kem-27;NTRE-512;512
kem-28;OAEP-NTRU-1296;256
kem-28;OAEP-NTRU-2592;512
kem-28;OAEP-NTRU-648;128
kem-29;PolarKEM-128;128
kem-29;PolarKEM-256;256
kem-29;PolarKEM-512;512
kem-30;POLARLAC-128;128
kem-30;POLARLAC-256;256
kem-30;POLARLAC-512;
kem-30;POLARLAC-512-Star;512
kem-30;POLARLAC-Light;
kem-31;NGCC-1;128
kem-31;NGCC-2;256
kem-31;NGCC-3;512
kem-32;QCTM128;128
kem-32;QCTM256;256
kem-32;QCTM512;512
kem-33;qube-128;128
kem-33;qube-192;
kem-33;qube-256;256
kem-33;qube-384;
kem-33;qube-512;512
kem-34;lwekem128;128
kem-34;lwekem256;256
kem-34;lwekem512;512
kem-35;Scloudplus-128-AES-packed10;128
kem-35;Scloudplus-128-SHAKE-avx2;128
kem-35;Scloudplus-128-SHAKE-packed10;128
kem-35;Scloudplus-128-SM3-packed10;128
kem-35;Scloudplus-192-AES-packed10;
kem-35;Scloudplus-192-SHAKE-packed10;
kem-35;Scloudplus-192-SM3-packed10;
kem-35;Scloudplus-256-AES-packed10;256
kem-35;Scloudplus-256-SHAKE-packed10;256
kem-35;Scloudplus-256-SM3-packed10;256
kem-35;Scloudplus-384-AES-packed10;
kem-35;Scloudplus-384-SHAKE-packed10;
kem-35;Scloudplus-384-SM3-packed10;
kem-35;Scloudplus-512-AES-packed10;512
kem-35;Scloudplus-512-SHAKE-packed10;512
kem-35;Scloudplus-512-SM3-packed10;512
kem-36;TRIKE-2;128
kem-36;TRIKE-5;256
kem-36;TRIKE-7;
kem-36;TRIKE-9;512
kem-37;TriQ-KEM-128;128
kem-37;TriQ-KEM-256;256
kem-37;TriQ-KEM-384;
kem-37;TriQ-KEM-512;512
kem-38;UVW-KEM-128;128
kem-38;UVW-KEM-256;256
kem-38;UVW-KEM-512;512
kem-39;WeaverKEM-128;128
kem-39;WeaverKEM-256;256
kem-39;WeaverKEM-512;512
kem-40;yuanyang-1024;256
kem-40;yuanyang-2048;512
kem-40;yuanyang-512;128
kem-41;ZEN_128;128
kem-41;ZEN_256;256
kem-41;ZEN_512;512
kex-01;ADKEX-128;128
kex-01;ADKEX-256;256
kex-01;ADKEX-512;512
kex-02;AFS_KEX_C128;128
kex-02;AFS_KEX_C256;256
kex-02;AFS_KEX_C512;512
kex-03;CreTAKE-K2K-PLAC128;128
kex-03;CreTAKE-K2K-PLAC256;256
kex-03;CreTAKE-K2K-PLAC512;512
kex-03;CreTAKE-K2K-PLAC512Star;512
kex-03;CreTAKE-K2K-ZEN128;128
kex-03;CreTAKE-K2K-ZEN256;256
kex-03;CreTAKE-K2K-ZEN512;512
kex-03;CreTAKE-K2S-PLAC128-BiT128;128
kex-03;CreTAKE-K2S-PLAC256-BiT256;256
kex-03;CreTAKE-K2S-PLAC512-BiT512;512
kex-03;CreTAKE-K2S-ZEN128-BiT128;128
kex-03;CreTAKE-K2S-ZEN256-BiT256;256
kex-03;CreTAKE-K2S-ZEN512-BiT512;512
kex-03;CreTAKE-S2K-BiT128-PLAC128;128
kex-03;CreTAKE-S2K-BiT128-ZEN128;128
kex-03;CreTAKE-S2K-BiT256-PLAC256;256
kex-03;CreTAKE-S2K-BiT256-ZEN256;256
kex-03;CreTAKE-S2K-BiT512-PLAC512;512
kex-03;CreTAKE-S2K-BiT512-ZEN512;512
kex-03;CreTAKE-S2S-BiT128-ePLAC128;128
kex-03;CreTAKE-S2S-BiT128-eZEN128;128
kex-03;CreTAKE-S2S-BiT256-ePLAC256;256
kex-03;CreTAKE-S2S-BiT256-eZEN256;256
kex-03;CreTAKE-S2S-BiT512-ePLAC512;512
kex-03;CreTAKE-S2S-BiT512-eZEN512;512
kex-04;DKEX-128;128
kex-04;DKEX-256;256
kex-04;DKEX-512;512
kex-05;LoomKEX-128;128
kex-05;LoomKEX-256;256
kex-05;LoomKEX-512;512
kex-06;MAMBA-NIKE-128;128
kex-06;MAMBA-NIKE-192;
kex-06;MAMBA-NIKE-256;256
kex-06;MAMBA-NIKE-384;
kex-06;MAMBA-NIKE-512;512
kex-07;NEV_AKE_1024_1409;256
kex-07;NEV_AKE_1024_769;
kex-07;NEV_AKE_1024_769_C;
kex-07;NEV_AKE_2048_1409;512
kex-07;NEV_AKE_2048_769;
kex-07;NEV_AKE_2048_769_C;
kex-07;NEV_AKE_512_1409;128
kex-07;NEV_AKE_512_769;
kex-07;NEV_AKE_512_769_C;
kex-08;NIIKE-lv128;128
kex-08;NIIKE-lv256;256
kex-09;TriQ-KEX-128;128
kex-09;TriQ-KEX-256;256
kex-09;TriQ-KEX-384;
kex-09;TriQ-KEX-512;512
sign-01;Aigis-sig1;128
sign-01;Aigis-sig2;256
sign-01;Aigis-sig3;512
sign-02;BiT-128;128
sign-02;BiT-128-avx2;128
sign-02;BiT-256;256
sign-02;BiT-256-avx2;256
sign-02;BiT-512;512
sign-02;BiT-512-avx2;512
sign-03;CEDRUSC-160f;128
sign-03;CEDRUSC-160s;128
sign-03;CEDRUSC-256f;256
sign-03;CEDRUSC-256s;256
sign-03;CEDRUSC-384f;
sign-03;CEDRUSC-384s;
sign-03;CEDRUSC-512f;512
sign-03;CEDRUSC-512s;512
sign-04;CEDRUSALPHA-160f;128
sign-04;CEDRUSALPHA-160s;128
sign-04;CEDRUSALPHA-256f;256
sign-04;CEDRUSALPHA-256s;256
sign-04;CEDRUSALPHA-384f;
sign-04;CEDRUSALPHA-384s;
sign-04;CEDRUSALPHA-512f;512
sign-04;CEDRUSALPHA-512s;512
sign-05;sm4th_d3_128f_loose;128
sign-05;sm4th_d3_128f_tight;128
sign-05;sm4th_d3_128s_loose;128
sign-05;sm4th_d3_128s_tight;128
sign-05;sm4th_em_d2_128f_loose;128
sign-05;sm4th_em_d2_128f_tight;128
sign-05;sm4th_em_d2_128s_loose;128
sign-05;sm4th_em_d2_128s_tight;128
sign-05;ublockith_d3_256f;256
sign-05;ublockith_d3_256s;256
sign-05;ublockith_em_d3_256f;256
sign-05;ublockith_em_d3_256s;256
sign-05;vistrutith_d3_512f;512
sign-05;vistrutith_d3_512s;512
sign-06;COMPASS-SIG-128;128
sign-06;COMPASS-SIG-256;256
sign-06;COMPASS-SIG-384;
sign-06;COMPASS-SIG-512;512
sign-07;CS-128;128
sign-07;CS-256;256
sign-07;CS-512;512
sign-08;DARTS128;128
sign-08;DARTS256;256
sign-08;DARTS512;512
sign-09;dove_classic_128;128
sign-09;dove_classic_256;256
sign-09;dove_classic_512;512
sign-09;dove_pkc_skc_128;128
sign-09;dove_pkc_skc_256;256
sign-09;dove_pkc_skc_512;512
sign-10;Facto-DSA-128;128
sign-10;Facto-DSA-256;256
sign-10;Facto-DSA-512;512
sign-11;Flextree-160f;128
sign-11;Flextree-160s;128
sign-11;Flextree-256f;256
sign-11;Flextree-256s;256
sign-11;Flextree-384f;
sign-11;Flextree-384s;
sign-11;Flextree-512f;512
sign-11;Flextree-512s;512
sign-12;Galas-160F;128
sign-12;Galas-160S;128
sign-12;Galas-256F;256
sign-12;Galas-256S;256
sign-12;Galas-384F;
sign-12;Galas-384S;
sign-12;Galas-512F;512
sign-12;Galas-512S;512
sign-13;GreatWall128f;128
sign-13;GreatWall128s;128
sign-13;GreatWall192f;
sign-13;GreatWall192s;
sign-13;GreatWall256f;256
sign-13;GreatWall256s;256
sign-13;GreatWall512f;512
sign-13;GreatWall512s;512
sign-14;Lynxer-160f;128
sign-14;Lynxer-160s;128
sign-14;Lynxer-256f;256
sign-14;Lynxer-256s;256
sign-14;Lynxer-384f;
sign-14;Lynxer-384s;
sign-14;Lynxer-512f;512
sign-14;Lynxer-512s;512
sign-15;lwrdsa128;128
sign-15;lwrdsa192;
sign-15;lwrdsa256;256
sign-15;lwrdsa512;512
sign-16;Octarine-128;128
sign-16;Octarine-256;256
sign-16;Octarine-512;512
sign-17;OPSsig-128;128
sign-17;OPSsig-256;256
sign-17;OPSsig-512;512
sign-18;Origami-128;128
sign-18;Origami-256;256
sign-18;Origami-384;
sign-18;Origami-512;512
sign-19;Phoenix-SHAKE-128f;128
sign-19;Phoenix-SHAKE-128s;128
sign-19;Phoenix-SHAKE-192f;
sign-19;Phoenix-SHAKE-192s;
sign-19;Phoenix-SHAKE-256f;256
sign-19;Phoenix-SHAKE-256s;256
sign-19;Phoenix-SHAKE-384f;
sign-19;Phoenix-SHAKE-384s;
sign-19;Phoenix-SHAKE-512f;512
sign-19;Phoenix-SHAKE-512s;512
sign-19;Phoenix-SM3-128f;128
sign-19;Phoenix-SM3-128s;128
sign-19;Phoenix-SM3-192f;
sign-19;Phoenix-SM3-192s;
sign-19;Phoenix-SM3-256f;256
sign-19;Phoenix-SM3-256s;256
sign-19;Phoenix-SM3-384f;
sign-19;Phoenix-SM3-384s;
sign-19;Phoenix-SM3-512f;512
sign-19;Phoenix-SM3-512s;512
sign-20;QingLuan-128;128
sign-20;QingLuan-256;256
sign-20;QingLuan-384;
sign-20;QingLuan-512;512
sign-21;ReSolveD-alpha-160f;128
sign-21;ReSolveD-alpha-160s;128
sign-21;ReSolveD-alpha-256f;256
sign-21;ReSolveD-alpha-256s;256
sign-21;ReSolveD-alpha-384f;
sign-21;ReSolveD-alpha-384s;
sign-21;ReSolveD-alpha-512f;512
sign-21;ReSolveD-alpha-512s;512
sign-22;Rhyme-SHAKE-128;128
sign-22;Rhyme-SHAKE-256;256
sign-22;Rhyme-SHAKE-384;
sign-22;Rhyme-SHAKE-512;512
sign-22;Rhyme-SM3-128;128
sign-22;Rhyme-SM3-256;256
sign-22;Rhyme-SM3-384;
sign-22;Rhyme-SM3-512;512
sign-23;SHUTTLE-128;128
sign-23;SHUTTLE-256;256
sign-23;SHUTTLE-512;512
sign-24;Sigurd-128;128
sign-24;Sigurd-256;256
sign-24;Sigurd-512;512
sign-25;SQISign2Dsquare-Level1-eff_compressed;
sign-25;SQISign2Dsquare-Level1-eff_uncompressed;
sign-25;SQISign2Dsquare-Level1-sec_compressed;
sign-25;SQISign2Dsquare-Level1-sec_uncompressed;
sign-25;SQISign2Dsquare-Level2-eff_compressed;128
sign-25;SQISign2Dsquare-Level2-eff_uncompressed;128
sign-25;SQISign2Dsquare-Level2-sec_compressed;128
sign-25;SQISign2Dsquare-Level2-sec_uncompressed;128
sign-25;SQISign2Dsquare-Level3-eff_compressed;256
sign-25;SQISign2Dsquare-Level3-eff_uncompressed;256
sign-25;SQISign2Dsquare-Level3-sec_compressed;256
sign-25;SQISign2Dsquare-Level3-sec_uncompressed;256
sign-25;SQISign2Dsquare-Level5-eff_compressed;512
sign-25;SQISign2Dsquare-Level5-eff_uncompressed;512
sign-25;SQISign2Dsquare-Level5-sec_compressed;512
sign-25;SQISign2Dsquare-Level5-sec_uncompressed;512
sign-26;SQIsign2D-lvl1;
sign-26;SQIsign2D-lvl2;128
sign-26;SQIsign2D-lvl3;256
sign-26;SQIsign2D-lvl4;512
sign-27;SQIsignTriangle_lvl1;
sign-27;SQIsignTriangle_lvl2;128
sign-27;SQIsignTriangle_lvl5;256
sign-27;SQIsignTriangle_lvl6;512
sign-28;sydo_160f;128
sign-28;sydo_160s;128
sign-28;sydo_256f;256
sign-28;sydo_256s;256
sign-28;sydo_512f;512
sign-28;sydo_512s;512
sign-29;Tins128;128
sign-29;Tins256;256
sign-29;Tins512;512
sign-30;TRINE-128-Balanced;128
sign-30;TRINE-128-ShortSig;128
sign-30;TRINE-256-Balanced;256
sign-30;TRINE-256-ShortSig;256
sign-30;TRINE-512-Balanced;512
sign-30;TRINE-512-ShortSig;512
sign-31;TSUOV_128;128
sign-31;TSUOV_256;256
sign-31;TSUOV_512;512
sign-32;UVW-128;128
sign-32;UVW-256;256
sign-32;UVW-512;512
sign-33;vdoo_128;128
sign-33;vdoo_256;256
sign-33;vdoo_512;512
sign-34;yuanyang-1024;256
sign-34;yuanyang-2048;512
sign-34;yuanyang-512;128
